{"cameraMode":{"drawMode":0,"name":"Shaded","section":"Shading Mode"},"sceneLighting":false,"audioPlay":false,"sceneViewState":{"m_AlwaysRefresh":false,"showFog":true,"showSkybox":false,"showFlares":true,"showImageEffects":true,"showParticleSystems":true,"showVisualEffectGraphs":true,"m_FxEnabled":true},"in2DMode":false,"pivot":{"x":4.018583297729492,"y":-88.62999725341797,"z":-170.61477661132813},"rotation":{"x":0.055698756128549579,"y":-0.9422528743743897,"z":0.19935286045074464,"w":0.2632157504558563},"size":0.8660253882408142,"orthographic":false}