{"cameraMode":{"drawMode":0,"name":"Shaded","section":"Shading Mode"},"sceneLighting":true,"audioPlay":false,"sceneViewState":{"m_AlwaysRefresh":false,"showFog":true,"showSkybox":true,"showFlares":true,"showImageEffects":true,"showParticleSystems":true,"showVisualEffectGraphs":true,"m_FxEnabled":true},"in2DMode":false,"pivot":{"x":9.792551040649414,"y":77.50851440429688,"z":3.173246383666992},"rotation":{"x":0.32005801796913149,"y":0.007388025987893343,"z":-0.002536725252866745,"w":0.9473416209220886},"size":53.29729461669922,"orthographic":false}