{"cameraMode":{"drawMode":0,"name":"Shaded","section":"Shading Mode"},"sceneLighting":true,"audioPlay":false,"sceneViewState":{"m_AlwaysRefresh":false,"showFog":true,"showSkybox":true,"showFlares":true,"showImageEffects":true,"showParticleSystems":true,"showVisualEffectGraphs":true,"m_FxEnabled":true},"in2DMode":false,"pivot":{"x":26.362865447998048,"y":158.92987060546876,"z":-52.860511779785159},"rotation":{"x":-0.31862279772758486,"y":0.00514567457139492,"z":-0.0016498997574672104,"w":-0.9477760195732117},"size":14.860308647155762,"orthographic":false}