{"cameraMode":{"drawMode":0,"name":"Shaded","section":"Shading Mode"},"sceneLighting":true,"audioPlay":false,"sceneViewState":{"m_AlwaysRefresh":false,"showFog":true,"showSkybox":true,"showFlares":true,"showImageEffects":true,"showParticleSystems":true,"showVisualEffectGraphs":true,"m_FxEnabled":true},"in2DMode":false,"pivot":{"x":2.185964822769165,"y":156.20843505859376,"z":-72.13014221191406},"rotation":{"x":0.3567443788051605,"y":-0.008434955030679703,"z":0.003149701515212655,"w":0.9341162443161011},"size":34.64101791381836,"orthographic":false}