{"cameraMode":{"drawMode":0,"name":"Shaded","section":"Shading Mode"},"sceneLighting":false,"audioPlay":false,"sceneViewState":{"m_AlwaysRefresh":false,"showFog":true,"showSkybox":false,"showFlares":true,"showImageEffects":true,"showParticleSystems":true,"showVisualEffectGraphs":true,"m_FxEnabled":true},"in2DMode":false,"pivot":{"x":53.312774658203128,"y":20.95571517944336,"z":3.845949172973633},"rotation":{"x":-0.1230354830622673,"y":0.6940786242485046,"z":-0.1222236156463623,"w":-0.6986755728721619},"size":0.000017320508050033823,"orthographic":false}