{"cameraMode":{"drawMode":0,"name":"Shaded","section":"Shading Mode"},"sceneLighting":true,"audioPlay":false,"sceneViewState":{"m_AlwaysRefresh":false,"showFog":true,"showSkybox":true,"showFlares":true,"showImageEffects":true,"showParticleSystems":true,"showVisualEffectGraphs":true,"m_FxEnabled":true},"in2DMode":false,"pivot":{"x":59.22499465942383,"y":37.09061050415039,"z":248.7973175048828},"rotation":{"x":0.07424235343933106,"y":-0.9196622371673584,"z":0.21193568408489228,"w":0.32211747765541079},"size":48.773780822753909,"orthographic":false}