{"cameraMode":{"drawMode":0,"name":"Shaded","section":"Shading Mode"},"sceneLighting":false,"audioPlay":false,"sceneViewState":{"m_AlwaysRefresh":false,"showFog":true,"showSkybox":false,"showFlares":true,"showImageEffects":true,"showParticleSystems":true,"showVisualEffectGraphs":true,"m_FxEnabled":true},"in2DMode":false,"pivot":{"x":4.018583297729492,"y":-88.62999725341797,"z":-170.61477661132813},"rotation":{"x":-0.4350507855415344,"y":0.023774122819304467,"z":-0.011476797051727772,"w":-0.8999091386795044},"size":0.8660253882408142,"orthographic":false}