{"cameraMode":{"drawMode":0,"name":"Shaded","section":"Shading Mode"},"sceneLighting":false,"audioPlay":false,"sceneViewState":{"m_AlwaysRefresh":false,"showFog":true,"showSkybox":false,"showFlares":true,"showImageEffects":true,"showParticleSystems":true,"showVisualEffectGraphs":true,"m_FxEnabled":true},"in2DMode":false,"pivot":{"x":3.4261674880981447,"y":-2.2616190910339357,"z":-10.223642349243164},"rotation":{"x":-0.01489783264696598,"y":0.9706559777259827,"z":-0.23168885707855225,"w":-0.062399595975875857},"size":14.86940860748291,"orthographic":false}