{"cameraMode":{"drawMode":0,"name":"Shaded","section":"Shading Mode"},"sceneLighting":false,"audioPlay":false,"sceneViewState":{"m_AlwaysRefresh":false,"showFog":true,"showSkybox":false,"showFlares":true,"showImageEffects":true,"showParticleSystems":true,"showVisualEffectGraphs":true,"m_FxEnabled":true},"in2DMode":false,"pivot":{"x":3.3000001907348635,"y":-89.44551849365235,"z":-201.3126220703125},"rotation":{"x":0.17708757519721986,"y":-0.8177644610404968,"z":0.33327892422676089,"w":0.43451154232025149},"size":15.601005554199219,"orthographic":false}